<?xml version="1.0" encoding="UTF-8"?>
<!DOCTYPE codetemplates PUBLIC "-//NetBeans//DTD Editor Code Templates settings 1.0//EN" "http://www.netbeans.org/dtds/EditorCodeTemplates-1_0.dtd">
<codetemplates>
    <codetemplate abbreviation="pvfnc" contexts="php-code" uuid="org.netbeans.modules.php.editor.codetemplate.pvfnc" xml:space="preserve">
        <code><![CDATA[private function ${functionName}($$${param}) 
{
    ${selection}${cursor}
}]]></code>
    </codetemplate>
    <codetemplate abbreviation="ptfnc" contexts="php-code" uuid="org.netbeans.modules.php.editor.codetemplate.ptfnc" xml:space="preserve">
        <code><![CDATA[protected function ${functionName}($$${param}) 
{
    ${selection}${cursor}
}]]></code>
    </codetemplate>
    <codetemplate abbreviation="fnc" contexts="php-code" uuid="org.netbeans.modules.php.editor.codetemplate.fnc" xml:space="preserve">
        <code><![CDATA[function ${functionName}($$${param}) 
{
    ${selection}${cursor}
}]]></code>
    </codetemplate>
    <codetemplate abbreviation="cls" contexts="php-code" uuid="org.netbeans.modules.php.editor.codetemplate.cls" xml:space="preserve">
        <code><![CDATA[class ${ClassName} 
{
    function ${__construct}() 
    {
        ${selection}${cursor}
    }
}]]></code>
    </codetemplate>
    <codetemplate abbreviation="pfnc" contexts="php-code" uuid="org.netbeans.modules.php.editor.codetemplate.pfnc" xml:space="preserve">
        <code><![CDATA[public function ${functionName}($$${param}) 
{
    ${selection}${cursor}
}]]></code>
    </codetemplate>
</codetemplates>
